<?xml version="1.0" encoding="UTF-8"?>
<zabbix_export>
    <version>6.0</version>
    <date>2025-07-07T12:00:00Z</date>
    <groups>
        <group>
            <name>Custom Templates</name>
        </group>
    </groups>
    <templates>
        <template>
            <template>Template DNS Latency Monitor</template>
            <name>Template DNS Latency Monitor</name>
            <groups>
                <group>
                    <name>Custom Templates</name>
                </group>
            </groups>
            <items>
                <item>
                    <name>DNS Latency Internal</name>
                    <type>0</type>
                    <key>dns.latency.internal</key>
                    <delay>60s</delay>
                    <history>7d</history>
                    <trends>30d</trends>
                    <value_type>3</value_type>
                    <units>ms</units>
                </item>
                <item>
                    <name>DNS Latency External</name>
                    <type>0</type>
                    <key>dns.latency.external</key>
                    <delay>60s</delay>
                    <history>7d</history>
                    <trends>30d</trends>
                    <value_type>3</value_type>
                    <units>ms</units>
                </item>
            </items>
            <graphs>
                <graph>
                    <name>DNS Latency</name>
                    <width>900</width>
                    <height>200</height>
                    <yaxismin>0</yaxismin>
                    <yaxismax>1000</yaxismax>
                    <show_work_period>1</show_work_period>
                    <show_triggers>1</show_triggers>
                    <type>0</type>
                    <items>
                        <graph_item>
                            <drawtype>0</drawtype>
                            <color>00AA00</color>
                            <item>
                                <host>Template DNS Latency Monitor</host>
                                <key>dns.latency.internal</key>
                            </item>
                        </graph_item>
                        <graph_item>
                            <drawtype>0</drawtype>
                            <color>0000AA</color>
                            <item>
                                <host>Template DNS Latency Monitor</host>
                                <key>dns.latency.external</key>
                            </item>
                        </graph_item>
                    </items>
                </graph>
            </graphs>
        </template>
    </templates>
</zabbix_export>
